[
{"type":"header","version":"4.8.0.1","comment":"Export to JSON plugin for PHPMyAdmin"},
{"type":"database","name":"aehsani"},
{"type":"table","name":"cities","database":"aehsani","data":
[
{"id":"1","name":"qom","area":"8","extent":"12.5","created_at":null,"updated_at":null},
{"id":"2","name":"tehran","area":"24","extent":"50.5","created_at":null,"updated_at":null},
{"id":"3","name":"qazvin","area":"12","extent":"75","created_at":null,"updated_at":null},
{"id":"4","name":"karaj","area":"6","extent":"19","created_at":null,"updated_at":null},
{"id":"5","name":"rasht","area":"6","extent":"29","created_at":null,"updated_at":null},
{"id":"6","name":"ahvaz","area":"9","extent":"12","created_at":null,"updated_at":null},
{"id":"7","name":null,"area":null,"extent":null,"created_at":"2019-05-11 09:08:24","updated_at":"2019-05-11 09:08:24"}
]
}
,{"type":"table","name":"city_state","database":"aehsani","data":
[
{"id":"1","city_id":"1","state_id":"2"},
{"id":"2","city_id":"2","state_id":"1"},
{"id":"3","city_id":"1","state_id":"1"}
]
}
,{"type":"table","name":"failed_jobs","database":"aehsani","data":
[

]
}
,{"type":"table","name":"migrations","database":"aehsani","data":
[
{"id":"1","migration":"2000_01_01_000001_create_users_table","batch":"1"},
{"id":"2","migration":"2000_01_01_000002_create_password_resets_table","batch":"1"},
{"id":"3","migration":"2000_01_02_000001_create_payment_accounts_table","batch":"1"},
{"id":"4","migration":"2016_06_01_000001_create_oauth_auth_codes_table","batch":"1"},
{"id":"5","migration":"2016_06_01_000002_create_oauth_access_tokens_table","batch":"1"},
{"id":"6","migration":"2016_06_01_000003_create_oauth_refresh_tokens_table","batch":"1"},
{"id":"7","migration":"2016_06_01_000004_create_oauth_clients_table","batch":"1"},
{"id":"8","migration":"2016_06_01_000005_create_oauth_personal_access_clients_table","batch":"1"},
{"id":"9","migration":"2016_07_08_110947_create_stripe_accounts_table","batch":"1"},
{"id":"10","migration":"2016_07_08_110947_create_wepay_accounts_table","batch":"1"},
{"id":"11","migration":"2016_12_29_201047_create_permission_tables","batch":"1"},
{"id":"12","migration":"2016_20_09_030201_create_settings_table","batch":"1"},
{"id":"13","migration":"2017_03_28_203558_create_jobs_table","batch":"1"},
{"id":"14","migration":"2017_03_28_203559_create_failed_jobs_table","batch":"1"},
{"id":"15","migration":"2017_09_12_174826_create_notifications_table","batch":"1"},
{"id":"16","migration":"2017_10_26_214459_update_user_table_with_socialauth_columns","batch":"1"},
{"id":"17","migration":"2017_10_27_091547_add_level_column_to_roles_table","batch":"1"},
{"id":"18","migration":"2018_01_01_000001_create_payment_transactions_table","batch":"1"},
{"id":"19","migration":"2019_05_09_060245_create_city_tables","batch":"2"},
{"id":"20","migration":"2019_05_09_060434_create_weather_tables","batch":"2"},
{"id":"21","migration":"2019_05_09_060546_create_status_tables","batch":"2"},
{"id":"22","migration":"2019_05_11_052606_create_state_tables","batch":"3"}
]
}
,{"type":"table","name":"model_has_permissions","database":"aehsani","data":
[

]
}
,{"type":"table","name":"model_has_roles","database":"aehsani","data":
[
{"role_id":"1","model_type":"App\\Containers\\User\\Models\\User","model_id":"1"}
]
}
,{"type":"table","name":"notifications","database":"aehsani","data":
[

]
}
,{"type":"table","name":"oauth_access_tokens","database":"aehsani","data":
[

]
}
,{"type":"table","name":"oauth_auth_codes","database":"aehsani","data":
[

]
}
,{"type":"table","name":"oauth_clients","database":"aehsani","data":
[
{"id":"1","user_id":null,"name":"apiato Personal Access Client","secret":"cv7nVNvGV0zs10TR8z1pskhhTYZorjHUULZfVcyW","redirect":"http:\/\/localhost","personal_access_client":"1","password_client":"0","revoked":"0","created_at":"2019-05-09 05:39:30","updated_at":"2019-05-09 05:39:30"},
{"id":"2","user_id":null,"name":"apiato Password Grant Client","secret":"hJpoePEydKHhomAye0EmjbbFrT2BDkFjKXscPMaB","redirect":"http:\/\/localhost","personal_access_client":"0","password_client":"1","revoked":"0","created_at":"2019-05-09 05:39:30","updated_at":"2019-05-09 05:39:30"}
]
}
,{"type":"table","name":"oauth_personal_access_clients","database":"aehsani","data":
[
{"id":"1","client_id":"1","created_at":"2019-05-09 05:39:30","updated_at":"2019-05-09 05:39:30"}
]
}
,{"type":"table","name":"oauth_refresh_tokens","database":"aehsani","data":
[

]
}
,{"type":"table","name":"password_resets","database":"aehsani","data":
[

]
}
,{"type":"table","name":"payment_accounts","database":"aehsani","data":
[

]
}
,{"type":"table","name":"payment_transactions","database":"aehsani","data":
[

]
}
,{"type":"table","name":"permissions","database":"aehsani","data":
[
{"id":"1","name":"manage-roles","guard_name":"web","display_name":null,"description":"Create, Update, Delete, Get All, Attach\/detach permissions to Roles and Get All Permissions.","created_at":"2019-05-09 05:39:10","updated_at":"2019-05-09 05:39:10"},
{"id":"2","name":"create-admins","guard_name":"web","display_name":null,"description":"Create new Users (Admins) from the dashboard.","created_at":"2019-05-09 05:39:10","updated_at":"2019-05-09 05:39:10"},
{"id":"3","name":"manage-admins-access","guard_name":"web","display_name":null,"description":"Assign users to Roles.","created_at":"2019-05-09 05:39:10","updated_at":"2019-05-09 05:39:10"},
{"id":"4","name":"access-dashboard","guard_name":"web","display_name":null,"description":"Access the admins dashboard.","created_at":"2019-05-09 05:39:10","updated_at":"2019-05-09 05:39:10"},
{"id":"5","name":"search-users","guard_name":"web","display_name":null,"description":"Find a User in the DB.","created_at":"2019-05-09 05:39:10","updated_at":"2019-05-09 05:39:10"},
{"id":"6","name":"list-users","guard_name":"web","display_name":null,"description":"Get All Users.","created_at":"2019-05-09 05:39:10","updated_at":"2019-05-09 05:39:10"},
{"id":"7","name":"update-users","guard_name":"web","display_name":null,"description":"Update a User.","created_at":"2019-05-09 05:39:10","updated_at":"2019-05-09 05:39:10"},
{"id":"8","name":"delete-users","guard_name":"web","display_name":null,"description":"Delete a User.","created_at":"2019-05-09 05:39:10","updated_at":"2019-05-09 05:39:10"},
{"id":"9","name":"refresh-users","guard_name":"web","display_name":null,"description":"Refresh User data.","created_at":"2019-05-09 05:39:10","updated_at":"2019-05-09 05:39:10"}
]
}
,{"type":"table","name":"roles","database":"aehsani","data":
[
{"id":"1","name":"admin","guard_name":"web","display_name":"Administrator Role","description":"Administrator","created_at":"2019-05-09 05:39:10","updated_at":"2019-05-09 05:39:10","level":"999"}
]
}
,{"type":"table","name":"role_has_permissions","database":"aehsani","data":
[
{"permission_id":"1","role_id":"1"},
{"permission_id":"2","role_id":"1"},
{"permission_id":"3","role_id":"1"},
{"permission_id":"4","role_id":"1"},
{"permission_id":"5","role_id":"1"},
{"permission_id":"6","role_id":"1"},
{"permission_id":"7","role_id":"1"},
{"permission_id":"8","role_id":"1"},
{"permission_id":"9","role_id":"1"}
]
}
,{"type":"table","name":"settings","database":"aehsani","data":
[

]
}
,{"type":"table","name":"states","database":"aehsani","data":
[
{"id":"1","name":"sunny","created_at":null,"updated_at":null},
{"id":"2","name":"cloudy","created_at":null,"updated_at":null},
{"id":"3","name":"snowny","created_at":null,"updated_at":null},
{"id":"4","name":"Rainy ","created_at":null,"updated_at":null}
]
}
,{"type":"table","name":"statuses","database":"aehsani","data":
[
{"updated_at":null},
{"updated_at":null},
{"updated_at":null},
{"updated_at":null},
{"updated_at":null},
{"updated_at":null},
{"updated_at":null},
{"updated_at":null},
{"updated_at":null},
{"updated_at":null}
]
}
,{"type":"table","name":"stripe_accounts","database":"aehsani","data":
[

]
}
,{"type":"table","name":"users","database":"aehsani","data":
[
{"id":"1","name":"Super Admin","email":"admin@admin.com","password":"$2y$10$Qv3gSb7WypEV9RMEt1h\/6.06QGJMPNucoUQq0eoD731ObCk.sKsdG","confirmed":"0","gender":null,"birth":null,"device":null,"platform":null,"is_client":"0","remember_token":null,"created_at":"2019-05-09 05:39:10","updated_at":"2019-05-09 05:39:10","deleted_at":null,"social_provider":null,"social_nickname":null,"social_id":null,"social_token":null,"social_token_secret":null,"social_refresh_token":null,"social_expires_in":null,"social_avatar":null,"social_avatar_original":null}
]
}
,{"type":"table","name":"weathers","database":"aehsani","data":
[
{"id":"1","city_id":"1","temperature":"10","wind":"8","humidity":"12","created_at":null,"updated_at":null},
{"id":"2","city_id":"2","temperature":"25","wind":"6","humidity":"19","created_at":null,"updated_at":null},
{"id":"3","city_id":"3","temperature":"15","wind":"2","humidity":"2","created_at":null,"updated_at":null},
{"id":"4","city_id":"4","temperature":"15","wind":"6","humidity":"25","created_at":null,"updated_at":null},
{"id":"5","city_id":"5","temperature":"15","wind":"2","humidity":"25","created_at":null,"updated_at":null},
{"id":"6","city_id":"6","temperature":"25","wind":"2","humidity":"50","created_at":null,"updated_at":null}
]
}
,{"type":"table","name":"wepay_accounts","database":"aehsani","data":
[

]
}
]
